{"cameraMode":{"drawMode":0,"name":"Shaded","section":"Shading Mode"},"sceneLighting":false,"audioPlay":false,"sceneViewState":{"m_AlwaysRefresh":false,"showFog":true,"showSkybox":false,"showFlares":true,"showImageEffects":true,"showParticleSystems":true,"showVisualEffectGraphs":true,"m_FxEnabled":true},"in2DMode":false,"pivot":{"x":-0.0335310697555542,"y":0.8043667078018189,"z":0.29301494359970095},"rotation":{"x":-0.24963121116161347,"y":0.14659786224365235,"z":-0.038269124925136569,"w":-0.956424355506897},"size":1.3575941324234009,"orthographic":false}