{"cameraMode":{"drawMode":0,"name":"Shaded","section":"Shading Mode"},"sceneLighting":false,"audioPlay":false,"sceneViewState":{"m_AlwaysRefresh":false,"showFog":false,"showSkybox":false,"showFlares":false,"showImageEffects":false,"showParticleSystems":false,"showVisualEffectGraphs":true,"m_FxEnabled":true},"in2DMode":false,"pivot":{"x":-0.0335310697555542,"y":0.8043667078018189,"z":0.29301494359970095},"rotation":{"x":-0.01085815578699112,"y":0.9889283776283264,"z":-0.09404509514570236,"w":-0.11443299055099487},"size":0.8542723059654236,"orthographic":false}