{"cameraMode":{"drawMode":0,"name":"Shaded","section":"Shading Mode"},"sceneLighting":false,"audioPlay":false,"sceneViewState":{"m_AlwaysRefresh":false,"showFog":false,"showSkybox":false,"showFlares":false,"showImageEffects":false,"showParticleSystems":false,"showVisualEffectGraphs":true,"m_FxEnabled":true},"in2DMode":false,"pivot":{"x":-0.11601698398590088,"y":0.9210604429244995,"z":-0.036909401416778567},"rotation":{"x":-0.0093562426045537,"y":0.9842002391815186,"z":-0.05499176308512688,"w":-0.1681363433599472},"size":1.0964465141296387,"orthographic":false}