{"cameraMode":{"drawMode":0,"name":"Shaded","section":"Shading Mode"},"sceneLighting":false,"audioPlay":false,"sceneViewState":{"m_AlwaysRefresh":false,"showFog":false,"showSkybox":false,"showFlares":false,"showImageEffects":false,"showParticleSystems":false,"showVisualEffectGraphs":true,"m_FxEnabled":true},"in2DMode":false,"pivot":{"x":-0.02219909429550171,"y":0.9453505277633667,"z":0.13648521900177003},"rotation":{"x":-0.06356676667928696,"y":0.7276999950408936,"z":-0.06812542676925659,"w":-0.6795605421066284},"size":1.4056586027145386,"orthographic":false}