{"cameraMode":{"drawMode":0,"name":"Shaded","section":"Shading Mode"},"sceneLighting":false,"audioPlay":false,"sceneViewState":{"m_AlwaysRefresh":false,"showFog":true,"showSkybox":false,"showFlares":true,"showImageEffects":true,"showParticleSystems":true,"showVisualEffectGraphs":true,"m_FxEnabled":true},"in2DMode":false,"pivot":{"x":249.3236083984375,"y":1.926538109779358,"z":-51.212196350097659},"rotation":{"x":-0.008207075297832489,"y":0.9674542546272278,"z":-0.25096172094345095,"w":-0.031648773699998859},"size":2.1474082469940187,"orthographic":false}