{"cameraMode":{"drawMode":0,"name":"Shaded","section":"Shading Mode"},"sceneLighting":false,"audioPlay":false,"sceneViewState":{"m_AlwaysRefresh":false,"showFog":true,"showSkybox":false,"showFlares":true,"showImageEffects":true,"showParticleSystems":true,"showVisualEffectGraphs":true,"m_FxEnabled":true},"in2DMode":false,"pivot":{"x":-10.808736801147461,"y":0.2565966248512268,"z":-20.950000762939454},"rotation":{"x":-0.20910026133060456,"y":0.6089004874229431,"z":-0.17069685459136964,"w":-0.7459389567375183},"size":0.8793082237243652,"orthographic":false}