{"cameraMode":{"drawMode":0,"name":"Shaded","section":"Shading Mode"},"sceneLighting":false,"audioPlay":false,"sceneViewState":{"m_AlwaysRefresh":false,"showFog":true,"showSkybox":false,"showFlares":true,"showImageEffects":true,"showParticleSystems":true,"showVisualEffectGraphs":true,"m_FxEnabled":true},"in2DMode":false,"pivot":{"x":-7.240797519683838,"y":2.5420145988464357,"z":-56.511348724365237},"rotation":{"x":-0.04803110286593437,"y":-0.10409548133611679,"z":0.005012673791497946,"w":-0.9934090971946716},"size":5.220590114593506,"orthographic":false}